City_ID,City,Cloudiness,Country,Current Description,Humidity,Lat,Lng,Max Temp,Rain (inches),Snow (inches),Wind Speed
0,korla,5,CN,clear sky,18,41.7597,86.1469,85.05,0.0,0,13.69
1,jamestown,75,US,broken clouds,67,42.097,-79.2353,77.29,0.0,0,5.99
2,airai,52,TL,broken clouds,62,-8.9266,125.4092,61.07,0.0,0,3.69
3,fort nelson,43,CA,scattered clouds,43,58.8053,-122.7002,71.62,0.0,0,2.66
4,victoria,98,HK,overcast clouds,90,22.2855,114.1577,88.97,0.0,0,1.01
5,fayaoue,0,NC,clear sky,60,-20.65,166.5333,71.29,0.0,0,18.61
6,sechura,10,PE,clear sky,70,-5.5569,-80.8222,72.03,0.0,0,18.25
7,puerto ayora,10,EC,clear sky,74,-0.7393,-90.3518,73.08,0.0,0,11.54
8,barrow,90,US,mist,84,71.2906,-156.7887,44.62,0.0,0,17.27
9,panlaitan,100,PH,moderate rain,83,12.1191,119.8486,83.19,1.22,0,19.33
10,castro,100,BR,overcast clouds,93,-24.7911,-50.0119,48.38,0.0,0,6.78
11,cape town,86,ZA,overcast clouds,81,-33.9258,18.4232,54.09,0.0,0,1.99
12,port augusta,11,AU,few clouds,74,-32.5,137.7667,57.7,0.0,0,8.03
13,punta arenas,75,CL,broken clouds,81,-53.15,-70.9167,44.71,0.0,0,19.57
14,albany,61,US,broken clouds,88,42.6001,-73.9662,70.99,0.0,0,7.0
15,vaini,75,TO,broken clouds,94,-21.2,-175.2,68.16,0.0,0,5.75
16,new norfolk,93,AU,overcast clouds,78,-42.7826,147.0587,53.92,0.0,0,7.92
17,kokstad,0,ZA,clear sky,24,-30.5472,29.4241,43.09,0.0,0,5.08
18,avarua,91,CK,overcast clouds,61,-21.2078,-159.775,77.05,0.0,0,6.91
19,san isidro,90,PE,mist,88,-12.1167,-77.05,69.01,0.0,0,10.36
20,acari,32,PE,scattered clouds,75,-15.4311,-74.6158,64.74,0.0,0,5.41
21,busselton,100,AU,overcast clouds,75,-33.65,115.3333,46.04,0.0,0,12.77
22,faanui,25,PF,light rain,74,-16.4833,-151.75,78.15,0.1,0,7.72
23,komsomolskiy,2,UZ,clear sky,39,40.4272,71.7189,81.32,0.0,0,2.3
24,kapaa,90,US,overcast clouds,74,22.0752,-159.319,84.52,0.0,0,3.0
25,north bend,1,US,clear sky,73,43.4065,-124.2243,74.91,0.0,0,20.71
26,catarama,88,EC,overcast clouds,60,-1.5833,-79.4667,84.24,0.0,0,3.56
27,vestmanna,90,FO,overcast clouds,100,62.1564,-7.1664,50.92,0.0,0,5.75
28,yellowknife,86,CA,overcast clouds,47,62.456,-114.3525,60.33,0.0,0,4.0
29,hobart,75,AU,broken clouds,81,-42.8794,147.3294,54.27,0.0,0,4.0
30,sitka,75,US,light rain,82,57.0531,-135.33,58.89,0.25,0,0.0
31,rikitea,100,PF,overcast clouds,77,-23.1203,-134.9692,74.62,0.0,0,13.33
32,san rafael,14,AR,few clouds,30,-34.6177,-68.3301,43.86,0.0,0,5.08
33,bubaque,97,GW,light rain,82,11.2833,-15.8333,79.88,0.71,0,8.41
34,rudbar,97,AF,overcast clouds,13,30.15,62.6,88.12,0.0,0,19.64
35,padang,50,ID,scattered clouds,88,-0.9492,100.3543,75.25,0.0,0,3.76
36,tautira,87,PF,light rain,73,-17.7333,-149.15,82.0,0.27,0,10.94
37,lebu,0,CL,clear sky,78,-37.6167,-73.65,47.75,0.0,0,23.06
38,mikun,100,RU,overcast clouds,86,62.3547,50.0771,45.97,0.0,0,7.38
39,moctezuma,45,MX,scattered clouds,27,29.8,-109.6667,97.56,0.0,0,4.47
40,nikolskoye,92,RU,overcast clouds,64,59.7035,30.7861,66.4,0.0,0,4.94
41,hermanus,88,ZA,overcast clouds,75,-34.4187,19.2345,55.8,0.0,0,15.7
42,allen,75,US,broken clouds,63,41.0706,-85.0144,85.78,0.0,0,6.91
43,arraial do cabo,0,BR,clear sky,76,-22.9661,-42.0278,72.32,0.0,0,24.83
44,touros,1,BR,clear sky,83,-5.1989,-35.4608,76.1,0.0,0,13.02
45,port alfred,12,ZA,few clouds,73,-33.5906,26.891,63.45,0.0,0,14.18
46,bredasdorp,100,ZA,overcast clouds,73,-34.5322,20.0403,55.27,0.0,0,13.82
47,adre,100,TD,overcast clouds,87,13.4667,22.2,71.37,0.0,0,2.51
48,lompoc,20,US,few clouds,75,34.6391,-120.4579,90.79,0.0,0,14.97
49,butaritari,98,KI,light rain,70,3.0707,172.7902,81.61,0.13,0,1.88
50,athens,0,GR,clear sky,29,37.9795,23.7162,87.19,0.0,0,5.99
51,sistranda,72,NO,broken clouds,82,63.7256,8.834,71.56,0.0,0,15.23
52,tasiilaq,31,GL,scattered clouds,79,65.6145,-37.6368,41.16,0.0,0,7.81
53,ushuaia,90,AR,light rain,93,-54.8,-68.3,37.06,0.61,0,5.75
54,rio brilhante,100,BR,overcast clouds,60,-21.8019,-54.5464,54.88,0.0,0,12.48
55,nanortalik,55,GL,broken clouds,76,60.1432,-45.2371,46.42,0.0,0,3.85
56,coahuayana,64,MX,broken clouds,72,18.7333,-103.6833,87.28,0.0,0,6.08
57,saldanha,100,ZA,overcast clouds,76,-33.0117,17.9442,56.03,0.0,0,8.08
58,kontagora,99,NG,overcast clouds,99,10.3999,5.4695,68.7,0.0,0,3.24
59,margate,22,GB,few clouds,86,51.3813,1.3862,63.3,0.0,0,3.0
60,gusev,33,RU,scattered clouds,95,54.5922,22.1997,63.66,0.0,0,5.97
61,kendari,54,ID,broken clouds,90,-3.945,122.4989,74.84,0.0,0,2.48
62,bardiyah,0,LY,clear sky,67,31.7561,25.0865,78.17,0.0,0,6.06
63,bluff,19,NZ,few clouds,70,-46.6,168.3333,51.8,0.0,0,14.85
64,araguacu,6,BR,clear sky,27,-12.9306,-49.8264,78.76,0.0,0,0.98
65,riyadh,59,SA,broken clouds,12,24.6877,46.7219,104.14,0.0,0,11.97
66,torbay,100,CA,moderate rain,96,47.6666,-52.7314,66.76,1.27,0,14.88
67,zhezkazgan,1,KZ,clear sky,36,47.8043,67.7144,64.2,0.0,0,10.47
68,atuona,15,PF,few clouds,66,-9.8,-139.0333,78.19,0.0,0,18.95
69,koslan,100,RU,overcast clouds,88,63.4564,48.8989,45.36,0.0,0,7.56
70,saint-philippe,53,RE,light rain,87,-21.3585,55.7679,67.59,0.18,0,13.33
71,port hedland,6,AU,clear sky,100,-20.3167,118.5667,62.65,0.0,0,3.44
72,dikson,100,RU,overcast clouds,100,73.5069,80.5464,39.22,0.0,0,17.87
73,ribeira grande,73,PT,broken clouds,83,38.5167,-28.7,72.32,0.0,0,10.94
74,kloulklubed,88,PW,moderate rain,73,7.0419,134.2556,82.9,2.05,0,9.57
75,dunedin,11,NZ,few clouds,58,-45.8742,170.5036,53.8,0.0,0,8.99
76,manaus,0,BR,clear sky,83,-3.1019,-60.025,82.9,0.0,0,2.3
77,vila franca do campo,13,PT,few clouds,87,37.7167,-25.4333,68.41,0.0,0,8.61
78,chokurdakh,100,RU,overcast clouds,70,70.6333,147.9167,40.51,0.0,0,11.23
79,mataura,47,NZ,scattered clouds,82,-46.1927,168.8643,51.48,0.0,0,0.69
80,christchurch,3,NZ,clear sky,70,-43.5333,172.6333,55.47,0.0,0,4.0
81,mar del plata,75,AR,broken clouds,67,-38.0023,-57.5575,47.08,0.0,0,15.01
82,aswan,99,EG,overcast clouds,24,24.0934,32.907,89.49,0.0,0,14.92
83,aksarka,100,RU,light rain,93,66.5606,67.7975,46.92,0.72,0,11.34
84,ilulissat,100,GL,overcast clouds,62,69.2167,-51.1,55.42,0.0,0,5.75
85,praia da vitoria,27,PT,scattered clouds,85,38.7333,-27.0667,72.75,0.0,0,7.72
86,valdosta,1,US,clear sky,82,30.8327,-83.2785,86.2,0.0,0,3.44
87,constitucion,0,CL,clear sky,73,-35.3333,-72.4167,48.02,0.0,0,7.16
88,alta floresta,40,BR,scattered clouds,34,-9.8756,-56.0861,80.35,0.0,0,2.35
89,bengkulu,40,ID,scattered clouds,74,-3.8004,102.2655,72.81,0.0,0,5.32
90,east london,0,ZA,clear sky,25,-33.0153,27.9116,73.06,0.0,0,11.81
91,karratha,6,AU,clear sky,71,-20.7377,116.8463,68.07,0.0,0,5.68
92,carbonia,3,IT,clear sky,64,39.1672,8.5222,79.0,0.0,0,6.78
93,pevek,100,RU,overcast clouds,94,69.7008,170.3133,34.47,0.0,0,9.55
94,klaksvik,94,FO,overcast clouds,96,62.2266,-6.589,52.72,0.0,0,9.33
95,pilar,20,BR,few clouds,93,-9.5972,-35.9567,75.13,0.0,0,3.11
96,katima mulilo,0,NA,clear sky,60,-17.5,24.2667,49.35,0.0,0,4.72
97,bethel,20,US,few clouds,67,41.3712,-73.414,84.29,0.0,0,5.75
98,abha,20,SA,few clouds,88,18.2164,42.5053,64.65,0.0,0,6.91
99,kattivakkam,100,IN,overcast clouds,60,13.2167,80.3167,84.29,0.0,0,15.68
100,baykit,100,RU,overcast clouds,86,61.67,96.37,66.81,0.0,0,2.91
101,hithadhoo,97,MV,light rain,78,-0.6,73.0833,80.92,0.53,0,7.78
102,kruisfontein,6,ZA,clear sky,87,-34.0033,24.7314,53.89,0.0,0,13.2
103,ahuimanu,40,US,scattered clouds,61,21.4447,-157.8378,89.31,0.0,0,16.11
104,taoudenni,56,ML,broken clouds,8,22.6783,-3.9836,103.21,0.0,0,10.13
105,pakxan,99,LA,overcast clouds,97,18.3778,103.6601,74.48,0.0,0,1.05
106,totma,14,RU,few clouds,79,59.9747,42.7642,48.87,0.0,0,4.03
107,axim,99,GH,overcast clouds,82,4.8699,-2.2405,75.83,0.0,0,8.3
108,carnarvon,100,AU,overcast clouds,54,-24.8667,113.6333,66.56,0.0,0,8.48
109,ust-omchug,100,RU,overcast clouds,77,61.15,149.6333,47.23,0.0,0,7.11
110,dukat,100,RU,overcast clouds,69,62.55,155.55,43.0,0.0,0,7.9
111,lucapa,35,AO,scattered clouds,31,-8.4192,20.7447,61.36,0.0,0,2.66
112,magan,0,ES,clear sky,31,39.9683,-3.931,85.42,0.0,0,6.06
113,khatanga,82,RU,broken clouds,55,71.9667,102.5,77.56,0.0,0,16.35
114,channel-port aux basques,87,CA,overcast clouds,99,47.5702,-59.1367,62.55,0.0,0,9.1
115,srednekolymsk,100,RU,overcast clouds,95,67.45,153.6833,38.12,0.0,0,10.36
116,jacareacanga,10,BR,clear sky,38,-6.2222,-57.7528,82.69,0.0,0,1.48
117,sao joao da barra,2,BR,clear sky,86,-21.6403,-41.0511,72.46,0.0,0,20.94
118,thompson,100,CA,overcast clouds,56,55.7435,-97.8558,68.68,0.0,0,7.85
119,george town,20,MY,few clouds,87,5.4112,100.3354,82.89,0.0,0,0.0
120,severo-kurilsk,100,RU,overcast clouds,95,50.6789,156.125,57.27,0.0,0,5.97
121,finschhafen,20,PG,few clouds,74,-6.6024,147.8681,82.33,0.0,0,7.36
122,pahrump,4,US,clear sky,23,36.2083,-115.9839,99.68,0.0,0,4.0
123,tiksi,47,RU,scattered clouds,85,71.6872,128.8694,39.85,0.0,0,10.42
124,ruteng,27,ID,scattered clouds,68,-8.6136,120.4721,60.08,0.0,0,1.45
125,grand gaube,74,MU,moderate rain,89,-20.0064,57.6608,69.39,1.6,0,7.0
126,deputatskiy,94,RU,overcast clouds,81,69.3,139.9,39.31,0.0,0,4.34
127,haines junction,87,CA,overcast clouds,54,60.7522,-137.5108,63.07,0.0,0,7.72
128,ushibuka,0,JP,clear sky,77,32.1906,130.0228,79.56,0.0,0,1.23
129,usinsk,100,RU,overcast clouds,91,65.9939,57.5281,43.68,0.0,0,19.84
130,yarmouth,1,US,clear sky,65,41.7057,-70.2286,82.45,0.0,0,7.0
131,cabo san lucas,1,MX,clear sky,58,22.8909,-109.9124,96.8,0.0,0,13.8
132,saint-augustin,99,CA,overcast clouds,96,51.226,-58.6502,60.91,0.0,0,7.56
133,sorsk,100,RU,light rain,94,54.0033,90.2467,54.03,0.37,0,4.85
134,nha trang,100,VN,overcast clouds,76,12.25,109.1833,84.2,0.0,0,6.58
135,namibe,57,AO,broken clouds,82,-15.1961,12.1522,65.52,0.0,0,1.03
136,bacolod,93,PH,overcast clouds,85,10.6667,122.95,80.83,0.0,0,14.34
137,kodiak,20,US,few clouds,63,57.79,-152.4072,60.31,0.0,0,5.75
138,upata,100,VE,overcast clouds,95,8.0086,-62.3989,73.18,0.0,0,4.05
139,port-cartier,97,CA,overcast clouds,70,50.0334,-66.8654,61.16,0.0,0,11.34
140,narwar,100,IN,overcast clouds,89,25.65,77.9,76.12,0.0,0,12.86
141,zhuji,100,CN,overcast clouds,95,29.7188,120.2423,78.71,0.0,0,3.44
142,hamilton,1,US,clear sky,54,39.1834,-84.5333,89.42,0.0,0,1.01
143,markova,56,UA,broken clouds,77,48.6758,24.4138,66.09,0.0,0,3.91
144,bandarbeyla,13,SO,few clouds,64,9.4942,50.8122,80.33,0.0,0,26.46
145,esperance,27,AU,scattered clouds,79,-33.8667,121.9,48.4,0.0,0,14.56
146,luderitz,0,NA,clear sky,74,-26.6481,15.1594,55.8,0.0,0,9.8
147,saskylakh,18,RU,few clouds,60,71.9167,114.0833,58.33,0.0,0,18.14
148,barcelos,0,PT,clear sky,89,41.5388,-8.6151,65.84,0.0,0,4.81
149,hambantota,99,LK,overcast clouds,80,6.1241,81.1185,80.02,0.0,0,17.02
150,port hawkesbury,92,CA,overcast clouds,91,45.6169,-61.3485,70.79,0.0,0,1.99
151,tori,100,EE,overcast clouds,98,58.4825,24.8152,64.81,0.0,0,7.43
152,lahaina,32,US,scattered clouds,85,20.8783,-156.6825,87.8,0.0,0,9.98
153,lahad datu,86,MY,overcast clouds,83,5.0268,118.327,79.3,0.0,0,3.67
154,kapit,73,MY,broken clouds,99,2.0167,112.9333,73.4,0.0,0,1.25
155,broken hill,68,AU,broken clouds,80,-31.95,141.4333,57.09,0.0,0,17.94
156,yagodnoye,100,RU,overcast clouds,59,62.55,149.6667,48.79,0.0,0,9.22
157,beringovskiy,100,RU,light rain,95,63.05,179.3167,49.26,0.45,0,5.61
158,kaitangata,83,NZ,broken clouds,66,-46.2817,169.8464,51.93,0.0,0,4.03
159,tomatlan,52,MX,broken clouds,63,19.9333,-105.25,88.36,0.0,0,6.42
160,mayo,1,US,clear sky,63,38.8876,-76.5119,93.61,0.0,0,1.01
161,qaanaaq,100,GL,overcast clouds,99,77.484,-69.3632,41.77,0.0,0,5.95
162,provideniya,90,RU,moderate rain,87,64.3833,-173.3,50.11,2.84,0,15.66
163,maues,15,BR,few clouds,49,-3.3836,-57.7186,81.07,0.0,0,1.92
164,bamiantong,47,CN,scattered clouds,62,44.9333,130.5333,83.25,0.0,0,3.31
165,bage,15,BR,few clouds,61,-31.3314,-54.1069,39.81,0.0,0,11.32
166,chuy,12,UY,few clouds,68,-33.6971,-53.4616,42.93,0.0,0,15.95
167,bunia,58,CD,broken clouds,79,1.5667,30.25,65.77,0.0,0,0.43
168,rindal,98,NO,overcast clouds,78,63.0565,9.2124,64.33,0.0,0,7.52
169,akyab,100,MM,light rain,88,20.15,92.9,80.8,0.65,0,13.85
170,pacific grove,1,US,clear sky,78,36.6177,-121.9166,92.61,0.0,0,5.99
171,port lincoln,6,AU,clear sky,66,-34.7333,135.8667,53.2,0.0,0,26.06
172,ban nahin,100,LA,overcast clouds,98,18.2418,104.2122,75.69,0.0,0,2.44
173,walvis bay,0,NA,clear sky,52,-22.9575,14.5053,57.09,0.0,0,10.33
174,pisco,0,PE,clear sky,77,-13.7,-76.2167,64.45,0.0,0,19.57
175,kanniyakumari,100,IN,overcast clouds,82,8.0833,77.5667,79.07,0.0,0,18.43
176,dingle,100,PH,light rain,84,10.9995,122.6711,80.46,0.8,0,10.4
177,igrim,19,RU,few clouds,81,63.1906,64.4162,41.4,0.0,0,5.37
178,binga,0,ZW,clear sky,63,-17.6203,27.3414,55.31,0.0,0,2.68
179,abapo,100,BO,overcast clouds,26,-18.8333,-63.4667,56.8,0.0,0,6.29
180,leningradskiy,100,RU,light rain,98,69.3833,178.4167,34.16,0.69,0,7.96
181,batemans bay,77,AU,broken clouds,44,-35.7167,150.1833,64.09,0.0,0,10.2
182,cidreira,41,BR,scattered clouds,48,-30.1811,-50.2056,49.89,0.0,0,19.64
183,vardo,86,NO,overcast clouds,88,70.3705,31.1107,44.8,0.0,0,12.91
184,samarai,83,PG,light rain,86,-10.6167,150.6667,78.87,1.0,0,12.95
185,port hardy,50,CA,scattered clouds,70,50.6996,-127.4199,62.4,0.0,0,10.18
186,tilichiki,71,RU,broken clouds,63,60.4667,166.1,58.59,0.0,0,15.52
187,hilo,90,US,moderate rain,83,19.7297,-155.09,80.33,1.27,0,10.36
188,san patricio,88,US,overcast clouds,46,28.017,-97.5169,95.09,0.0,0,12.73
189,porto novo,100,BJ,overcast clouds,79,6.4965,2.6036,76.3,0.0,0,8.28
190,talnakh,90,RU,overcast clouds,88,69.4865,88.3972,65.59,0.0,0,6.98
191,tuktoyaktuk,100,CA,light rain,83,69.4541,-133.0374,46.72,0.29,0,10.33
192,llanelli,77,GB,broken clouds,77,51.682,-4.1619,61.92,0.0,0,7.18
193,abong mbang,96,CM,light rain,96,3.9833,13.1833,67.53,0.77,0,4.7
194,livingston,90,GB,overcast clouds,88,55.9029,-3.5226,62.13,0.0,0,4.61
195,phangnga,78,TH,broken clouds,95,8.4509,98.5298,86.92,0.0,0,4.63
196,port hueneme,20,US,few clouds,69,34.1478,-119.1951,101.62,0.0,0,13.8
197,ampanihy,0,MG,clear sky,80,-24.7,44.75,60.55,0.0,0,13.76
198,dubna,86,RU,overcast clouds,66,56.7333,37.1667,61.74,0.0,0,3.38
199,hasaki,76,JP,broken clouds,83,35.7333,140.8333,81.28,0.0,0,16.53
200,meulaboh,37,ID,scattered clouds,90,4.1363,96.1285,76.24,0.0,0,3.62
201,ambon,40,ID,scattered clouds,100,-3.6954,128.1814,77.14,0.0,0,8.05
202,uspenka,63,UA,broken clouds,65,48.3903,39.1619,68.45,0.0,0,5.57
203,huarmey,24,PE,few clouds,81,-10.0681,-78.1522,66.6,0.0,0,9.64
204,concordia,3,AR,clear sky,51,-31.393,-58.0209,43.41,0.0,0,6.08
205,norman wells,97,CA,overcast clouds,47,65.282,-126.8329,69.35,0.0,0,9.66
206,alofi,75,NU,broken clouds,69,-19.0595,-169.9187,80.49,0.0,0,5.75
207,fukuchiyama,60,JP,broken clouds,83,35.3,135.1167,82.45,0.0,0,1.39
208,fernley,76,US,broken clouds,28,39.608,-119.2518,91.04,0.0,0,7.61
209,nemuro,99,JP,overcast clouds,93,43.3236,145.575,65.28,0.0,0,8.28
210,naberera,12,TZ,few clouds,79,-4.2,36.9333,55.58,0.0,0,10.78
211,sabya,48,SA,scattered clouds,67,17.1495,42.6254,87.55,0.0,0,3.6
212,marystown,100,CA,overcast clouds,100,47.1666,-55.1483,64.85,0.0,0,1.01
213,faya,23,SA,few clouds,78,18.3851,42.4509,64.92,0.0,0,5.53
214,pangody,11,RU,few clouds,68,65.85,74.4859,46.74,0.0,0,8.93
215,boca do acre,70,BR,broken clouds,53,-8.7522,-67.3978,82.09,0.0,0,2.86
216,catamarca,41,AR,scattered clouds,50,-28.4696,-65.7852,52.59,0.0,0,2.53
217,terra santa,84,BR,broken clouds,44,-2.1042,-56.4869,84.63,0.0,0,3.51
218,south lake tahoe,1,US,clear sky,27,38.9332,-119.9844,86.07,0.0,0,9.22
219,clyde river,97,CA,overcast clouds,76,70.4692,-68.5914,45.09,0.0,0,4.36
220,pemangkat,99,ID,overcast clouds,88,1.1667,108.9667,78.82,0.0,0,7.92
221,reitz,0,ZA,clear sky,41,-27.8014,28.4273,38.82,0.0,0,5.01
222,arona,20,ES,few clouds,72,28.0996,-16.681,67.82,0.0,0,16.11
223,muzhi,5,RU,clear sky,91,65.3667,64.6667,38.28,0.0,0,4.09
224,high level,11,CA,few clouds,39,58.5169,-117.136,70.95,0.0,0,5.95
225,esso,85,RU,light rain,77,55.9333,158.7,63.52,0.18,0,4.72
226,kupang,20,ID,few clouds,78,-10.1667,123.5833,75.78,0.0,0,9.22
227,fortuna,1,US,clear sky,95,40.5982,-124.1573,84.18,0.0,0,0.0
228,paragominas,46,BR,scattered clouds,63,-2.9667,-47.4833,79.07,0.0,0,4.68
229,okhotsk,32,RU,scattered clouds,76,59.3833,143.3,65.16,0.0,0,3.74
230,rayachoti,94,IN,overcast clouds,68,14.05,78.75,77.27,0.0,0,13.87
231,cururupu,47,BR,scattered clouds,84,-1.8283,-44.8683,76.41,0.0,0,4.16
232,pierre,1,US,clear sky,16,44.3683,-100.351,108.52,0.0,0,16.11
233,cobija,80,BO,broken clouds,66,-11.0267,-68.7692,77.52,0.0,0,1.7
234,saint george,1,US,clear sky,26,37.1041,-113.5841,97.43,0.0,0,1.01
235,ancud,97,CL,overcast clouds,81,-41.8697,-73.8203,44.13,0.0,0,2.82
236,rincon,40,US,scattered clouds,77,32.296,-81.2354,89.78,0.0,0,6.91
237,nantucket,1,US,clear sky,71,41.2835,-70.0995,81.97,0.0,0,5.75
238,chunoyar,98,RU,overcast clouds,96,57.4467,97.3217,62.29,0.0,0,4.68
239,balabac,96,PH,overcast clouds,79,7.9868,117.0645,83.84,0.0,0,14.94
240,charlestown,63,AU,broken clouds,46,-32.95,151.6667,67.1,0.0,0,5.99
241,cabot,82,US,broken clouds,55,34.9745,-92.0165,96.78,0.0,0,7.9
242,gorom-gorom,100,BF,overcast clouds,58,14.4439,-0.2361,86.02,0.0,0,7.16
243,carballo,36,ES,scattered clouds,91,43.213,-8.691,64.09,0.0,0,4.7
244,cozumel,20,MX,few clouds,71,20.5083,-86.9458,87.94,0.0,0,7.0
245,djambala,45,CG,scattered clouds,37,-2.5447,14.7533,72.16,0.0,0,3.36
246,hofn,94,IS,overcast clouds,83,64.2539,-15.2082,54.12,0.0,0,5.39
247,polovinnoye,44,RU,scattered clouds,87,54.7914,65.9864,53.53,0.0,0,8.01
248,glace bay,58,CA,broken clouds,91,46.1969,-59.957,71.33,0.0,0,1.01
249,mahebourg,98,MU,moderate rain,86,-20.4081,57.7,69.26,1.11,0,16.2
250,dayong,17,CN,few clouds,85,25.0209,118.2898,82.94,0.0,0,1.1
251,campana,23,AR,few clouds,63,-34.1687,-58.9591,50.09,0.0,0,8.7
252,souillac,100,MU,light rain,87,-20.5167,57.5167,69.37,0.67,0,15.39
253,los llanos de aridane,90,ES,overcast clouds,93,28.6585,-17.9182,69.55,0.0,0,17.27
254,onega,20,RU,few clouds,76,63.9061,38.1404,48.96,0.0,0,5.37
255,zlobin,0,HR,clear sky,79,45.2924,14.6541,67.3,0.0,0,2.3
256,jesus carranza,65,MX,broken clouds,81,17.4333,-95.0333,83.79,0.0,0,7.65
257,maliig,100,PH,heavy intensity rain,82,13.8456,120.1503,82.81,4.21,0,24.85
258,altay,0,CN,clear sky,71,47.8667,88.1167,59.65,0.0,0,0.22
259,grindavik,0,IS,clear sky,93,63.8424,-22.4338,52.9,0.0,0,12.66
260,upernavik,100,GL,overcast clouds,74,72.7868,-56.1549,49.01,0.0,0,14.38
261,portland,75,US,broken clouds,39,45.5234,-122.6762,91.89,0.0,0,1.99
262,galle,100,LK,overcast clouds,87,6.0367,80.217,79.63,0.0,0,12.06
263,port elizabeth,26,ZA,scattered clouds,86,-33.918,25.5701,56.1,0.0,0,13.06
264,san cristobal,27,VE,scattered clouds,82,7.7669,-72.225,70.75,0.0,0,2.33
265,ornskoldsvik,27,SE,scattered clouds,59,63.2909,18.7153,65.35,0.0,0,3.44
266,san jose iturbide,46,MX,scattered clouds,41,21.0,-100.3833,77.59,0.0,0,15.75
267,cairns,40,AU,scattered clouds,81,-16.9167,145.7667,73.11,0.0,0,8.05
268,bonavista,100,CA,light rain,97,48.6499,-53.1147,60.57,0.38,0,13.42
269,chivay,39,PE,scattered clouds,47,-15.6383,-71.6011,45.72,0.0,0,10.4
270,lagoa,100,PT,overcast clouds,85,39.05,-27.9833,71.22,0.0,0,10.45
271,taywarah,32,AF,scattered clouds,37,33.35,64.4167,56.34,0.0,0,7.78
272,ulaangom,52,MN,broken clouds,86,49.9811,92.0667,60.35,0.0,0,4.76
273,bambous virieux,99,MU,moderate rain,86,-20.3428,57.7575,69.22,1.32,0,15.97
274,las animas,8,CL,clear sky,89,-39.8087,-73.2182,42.94,0.0,0,4.07
275,bourail,0,NC,clear sky,54,-21.5667,165.4833,69.85,0.0,0,4.97
276,saurimo,67,AO,broken clouds,35,-9.6608,20.3916,56.16,0.0,0,4.94
277,raudeberg,100,NO,overcast clouds,96,61.9875,5.1352,63.19,0.0,0,9.66
278,wawa,100,NG,light rain,95,9.9022,4.4192,71.83,0.61,0,3.87
279,olafsvik,100,IS,overcast clouds,86,64.8945,-23.7142,51.78,0.0,0,12.95
280,laguna,1,US,clear sky,22,38.421,-121.4238,103.64,0.0,0,1.01
281,coro,99,VE,overcast clouds,79,11.4045,-69.6734,81.46,0.0,0,17.11
282,libourne,61,FR,broken clouds,91,44.9167,-0.25,63.57,0.0,0,5.14
283,normal,1,US,clear sky,67,40.5142,-88.9906,87.15,0.0,0,10.36
284,ketchikan,75,US,light rain,63,55.3422,-131.6461,64.87,0.24,0,8.05
285,alyangula,100,AU,overcast clouds,79,-13.8483,136.4192,73.56,0.0,0,5.01
286,goedereede,70,NL,broken clouds,84,51.8175,3.9806,62.6,0.0,0,18.05
287,fare,36,PF,scattered clouds,72,-16.7,-151.0167,78.35,0.0,0,8.14
288,saint anthony,75,US,broken clouds,55,45.0205,-93.218,95.18,0.0,0,1.99
289,havoysund,28,NO,scattered clouds,92,70.9963,24.6622,45.48,0.0,0,6.38
290,katsuura,100,JP,overcast clouds,82,35.1333,140.3,82.51,0.0,0,18.07
291,banihal,98,IN,moderate rain,95,33.4167,75.2,71.55,2.73,0,4.0
292,balikpapan,20,ID,few clouds,94,-1.2675,116.8289,77.99,0.0,0,8.05
293,pangoa,22,PE,few clouds,70,-12.1167,-73.0,74.21,0.0,0,2.8
294,praia,75,CV,broken clouds,73,14.9215,-23.5087,77.54,0.0,0,6.91
295,hargeysa,99,SO,overcast clouds,66,9.56,44.065,67.28,0.0,0,28.7
296,sena madureira,86,BR,overcast clouds,55,-9.0656,-68.6569,82.26,0.0,0,1.07
297,belmonte,14,BR,few clouds,84,-15.8631,-38.8828,73.9,0.0,0,9.6
298,broome,20,US,few clouds,94,42.2506,-75.833,71.56,0.0,0,1.99
299,ponta do sol,9,PT,clear sky,66,32.6667,-17.1,74.01,0.0,0,5.91
300,porbandar,100,IN,overcast clouds,85,21.6422,69.6093,81.84,0.0,0,23.09
301,nova prata,34,BR,scattered clouds,64,-28.7839,-51.61,40.28,0.0,0,6.31
302,quelimane,35,MZ,light rain,90,-17.8786,36.8883,63.84,0.36,0,4.14
303,ranong,86,TH,overcast clouds,87,9.9658,98.6348,79.88,0.0,0,13.06
304,suoyarvi,54,RU,broken clouds,95,62.0833,32.35,58.12,0.0,0,3.91
305,mbandaka,40,CD,scattered clouds,48,0.0487,18.2603,71.58,0.0,0,1.45
306,ferme-neuve,51,CA,broken clouds,63,46.7001,-75.4493,65.91,0.0,0,4.09
307,mgandu,5,TZ,clear sky,48,-5.95,34.1333,57.83,0.0,0,9.66
308,gazanjyk,0,TM,clear sky,19,39.2446,55.5154,87.76,0.0,0,10.16
309,acapulco,75,MX,broken clouds,66,16.8634,-99.8901,85.82,0.0,0,5.75
310,kahului,40,US,scattered clouds,71,20.8947,-156.47,87.82,0.0,0,24.16
311,zelenogradsk,64,RU,broken clouds,94,54.9589,20.4767,66.25,0.0,0,6.71
312,buinsk,13,RU,few clouds,68,54.95,48.2833,57.02,0.0,0,4.32
313,geraldton,90,AU,overcast clouds,94,-28.7667,114.6,62.13,0.0,0,0.0
314,camacha,75,PT,broken clouds,68,33.0833,-16.3333,70.54,0.0,0,14.97
315,belyy yar,40,RU,light intensity shower rain,77,53.6039,91.3903,60.69,0.2,0,8.95
316,barra do garcas,9,BR,clear sky,35,-15.89,-52.2567,76.55,0.0,0,4.7
317,egvekinot,100,RU,moderate rain,90,66.3167,-179.1667,40.78,1.04,0,9.82
318,warah,100,PK,overcast clouds,52,27.4481,67.7978,92.88,0.0,0,5.03
319,kalabo,19,ZM,few clouds,46,-14.97,22.6814,51.19,0.0,0,6.11
320,sioux lookout,3,CA,clear sky,26,50.1001,-91.917,81.61,0.0,0,5.26
321,general roca,4,AR,clear sky,39,-39.0333,-67.5833,50.4,0.0,0,9.73
322,sawtell,5,AU,clear sky,67,-30.3833,153.1,59.02,0.0,0,10.36
323,codrington,35,AU,scattered clouds,78,-38.2667,141.9667,49.06,0.0,0,20.47
324,mercedes,12,AR,few clouds,60,-34.6515,-59.4307,48.51,0.0,0,9.82
325,manggar,70,ID,broken clouds,75,-2.8833,108.2667,80.89,0.0,0,11.27
326,lavrentiya,100,RU,moderate rain,99,65.5833,-171.0,44.33,1.13,0,9.66
327,inongo,7,CD,clear sky,45,-1.95,18.2667,69.46,0.0,0,3.96
328,hami,2,CN,clear sky,19,42.8,93.45,84.43,0.0,0,6.67
329,vila velha,0,BR,clear sky,88,-20.3297,-40.2925,71.55,0.0,0,4.61
330,idah,83,NG,broken clouds,90,7.1065,6.7342,71.1,0.0,0,2.59
331,alice springs,90,AU,overcast clouds,36,-23.7,133.8833,63.95,0.0,0,8.05
332,manta,53,EC,broken clouds,83,-0.95,-80.7333,73.65,0.0,0,8.59
333,skibbereen,90,IE,overcast clouds,81,51.55,-9.2667,58.8,0.0,0,14.38
334,darhan,7,MN,clear sky,76,49.4867,105.9228,63.7,0.0,0,1.25
335,terrace bay,15,CA,few clouds,66,48.7834,-87.1,65.07,0.0,0,7.52
336,seoul,9,KR,clear sky,65,37.5683,126.9778,83.71,0.0,0,2.98
337,pithoro,100,PK,overcast clouds,74,25.5167,69.3833,83.16,0.0,0,22.55
338,svetlyy,68,RU,broken clouds,89,54.675,20.1347,66.25,0.0,0,6.29
339,sain alto,54,MX,broken clouds,31,23.5833,-103.25,77.99,0.0,0,13.96
340,whitehorse,100,CA,overcast clouds,67,60.7161,-135.0538,64.02,0.0,0,11.01
341,ishigaki,100,JP,overcast clouds,85,24.3448,124.1572,82.72,0.0,0,4.68
342,vila,0,PT,clear sky,90,42.0304,-8.1588,56.28,0.0,0,4.41
343,nicoya,99,CR,overcast clouds,86,10.1483,-85.452,78.35,0.0,0,1.99
344,maiduguri,100,NG,heavy intensity rain,93,11.8464,13.1603,72.48,4.26,0,6.87
345,mandalgovi,91,MN,overcast clouds,64,45.7625,106.2708,65.52,0.0,0,3.2
346,ayabaca,86,PE,light rain,77,-4.6398,-79.7149,54.63,0.21,0,4.09
347,husavik,100,IS,overcast clouds,99,66.0449,-17.3389,50.61,0.0,0,9.44
348,maningrida,80,AU,broken clouds,77,-12.0667,134.2667,73.49,0.0,0,7.58
349,sterlibashevo,58,RU,broken clouds,84,53.4376,55.2578,55.81,0.0,0,7.45
350,saint-louis,74,SN,broken clouds,65,16.3333,-15.0,79.41,0.0,0,17.96
351,moengo,71,SR,broken clouds,97,5.6167,-54.4,73.69,0.0,0,3.42
352,velyka oleksandrivka,4,UA,clear sky,51,47.3197,33.3037,73.15,0.0,0,5.41
353,cayenne,20,GF,few clouds,86,4.9333,-52.3333,81.09,0.0,0,3.0
354,peterhead,64,GB,broken clouds,94,57.5058,-1.7981,62.11,0.0,0,10.04
355,inhambane,0,MZ,clear sky,64,-23.865,35.3833,64.54,0.0,0,7.49
356,isangel,23,VU,few clouds,61,-19.55,169.2667,73.74,0.0,0,15.5
357,narsaq,60,GL,broken clouds,70,60.9167,-46.05,47.61,0.0,0,4.36
358,upington,0,ZA,clear sky,36,-28.4478,21.2561,52.21,0.0,0,8.43
359,kavieng,14,PG,few clouds,69,-2.5744,150.7967,85.01,0.0,0,10.76
360,dongfeng,44,CN,scattered clouds,79,42.6403,125.5118,77.4,0.0,0,0.89
361,bud,0,US,clear sky,59,39.447,-86.1758,88.93,0.0,0,0.89
362,karoi,10,ZW,clear sky,63,-16.8099,29.6925,48.42,0.0,0,5.55
363,yarqa,0,JO,clear sky,66,31.9785,35.6947,77.05,0.0,0,2.19
364,kokorevka,76,RU,broken clouds,68,52.5872,34.2778,66.34,0.0,0,5.48
365,malanje,80,AO,broken clouds,24,-9.5402,16.341,63.59,0.0,0,3.49
366,itupiranga,3,BR,clear sky,44,-5.1347,-49.3267,80.76,0.0,0,1.36
367,ornes,31,NO,scattered clouds,62,66.8689,13.7078,67.84,0.0,0,2.66
368,almeria,0,ES,clear sky,64,37.1667,-2.3333,75.15,0.0,0,1.1
369,smoky lake,1,CA,clear sky,19,54.1169,-112.4686,79.48,0.0,0,14.0
370,palmer,40,US,moderate rain,61,42.1584,-72.3287,83.46,2.18,0,4.74
371,hanna,45,CA,scattered clouds,28,51.6334,-111.9018,85.41,0.0,0,8.61
372,campbell river,0,CA,clear sky,43,50.0163,-125.2446,80.26,0.0,0,3.96
373,tuatapere,7,NZ,clear sky,79,-46.1333,167.6833,51.82,0.0,0,2.93
374,makakilo city,75,US,broken clouds,50,21.3469,-158.0858,88.12,0.0,0,10.36
375,cockburn town,40,TC,scattered clouds,69,21.4612,-71.1419,82.36,0.0,0,11.5
376,westport,1,US,clear sky,56,41.1415,-73.3579,86.14,0.0,0,4.0
377,namestovo,69,SK,broken clouds,89,49.4079,19.4803,69.17,0.0,0,2.91
378,toora-khem,77,RU,broken clouds,98,52.4675,96.11,58.66,0.0,0,2.39
379,laukaa,100,RU,overcast clouds,66,58.7372,29.8453,64.87,0.0,0,4.56
380,yuzha,58,RU,broken clouds,89,56.5831,42.0122,57.87,0.0,0,2.93
381,ust-kuyga,25,RU,scattered clouds,63,70.0167,135.6,49.1,0.0,0,15.55
382,iqaluit,75,CA,broken clouds,54,63.7506,-68.5145,52.7,0.0,0,15.01
383,henties bay,0,NA,clear sky,84,-22.116,14.2845,56.86,0.0,0,7.27
384,sao lourenco do oeste,60,BR,broken clouds,67,-26.3592,-52.8511,39.76,0.0,0,9.75
385,andilamena,86,MG,overcast clouds,90,-17.0167,48.5833,54.75,0.0,0,4.23
386,melo,12,UY,few clouds,61,-32.3667,-54.1833,41.88,0.0,0,15.75
387,longyearbyen,75,SJ,broken clouds,93,78.2186,15.6401,42.64,0.0,0,12.66
388,ravar,33,IR,scattered clouds,17,31.2656,56.8055,78.93,0.0,0,0.67
389,am timan,100,TD,light rain,95,11.0297,20.2827,70.88,0.36,0,4.54
390,shu,0,KZ,clear sky,29,43.5983,73.7614,72.86,0.0,0,8.34
391,baymak,66,RU,broken clouds,58,52.5933,58.3225,58.32,0.0,0,5.59
392,manzanillo,91,CU,overcast clouds,77,20.3433,-77.1167,83.44,0.0,0,8.99
393,ahipara,44,NZ,scattered clouds,82,-35.1667,173.1667,58.96,0.0,0,7.92
394,sambava,58,MG,broken clouds,83,-14.2667,50.1667,66.65,0.0,0,9.62
395,nefteyugansk,99,RU,moderate rain,98,61.0998,72.6035,57.45,1.29,0,6.76
396,lapua,60,FI,broken clouds,56,62.9693,23.0088,66.34,0.0,0,5.19
397,anahuac,0,MX,clear sky,16,27.2333,-100.15,98.1,0.0,0,10.89
398,puro,93,PH,overcast clouds,77,12.4841,123.3827,82.56,0.0,0,15.75
399,olavarria,80,AR,broken clouds,72,-36.8927,-60.3225,41.52,0.0,0,18.95
400,botro,99,CI,overcast clouds,86,7.8525,-5.3106,72.97,0.0,0,7.7
401,ladushkin,66,RU,broken clouds,89,54.5703,20.171,66.06,0.0,0,5.93
402,sungai padi,61,TH,broken clouds,91,6.0851,101.8766,73.54,0.0,0,2.84
403,sandwick,90,GB,overcast clouds,94,60.0,-1.25,55.22,0.0,0,4.61
404,mezhova,75,UA,broken clouds,64,48.2532,36.7347,68.97,0.0,0,6.67
405,lubbock,40,US,scattered clouds,25,33.6001,-101.8338,97.38,0.0,0,1.99
406,rocha,31,UY,scattered clouds,70,-34.4833,-54.3333,44.02,0.0,0,18.9
407,winslow,20,US,few clouds,24,35.0242,-110.6974,93.96,0.0,0,3.0
408,yulara,36,AU,scattered clouds,59,-25.2406,130.9889,63.64,0.0,0,8.25
409,rafraf,2,TN,clear sky,61,37.1904,10.1837,79.11,0.0,0,16.28
410,gwanda,0,ZW,clear sky,79,-20.9333,29.0,48.0,0.0,0,4.99
411,coihaique,0,CL,clear sky,87,-45.5752,-72.0662,35.55,0.0,0,3.44
412,eyemouth,99,GB,moderate rain,95,55.8713,-2.0901,61.81,1.54,0,1.99
413,saint-francois,90,FR,fog,97,46.4154,3.9054,63.18,0.0,0,2.3
414,gat,0,IL,clear sky,76,31.61,34.7642,79.92,0.0,0,1.01
415,ulstrup,59,DK,broken clouds,97,56.3899,9.7935,61.34,0.0,0,6.76
416,mujiayingzi,100,CN,overcast clouds,84,42.1167,118.7833,70.34,0.0,0,0.56
417,harlingen,1,US,clear sky,56,26.1906,-97.6961,93.34,0.0,0,10.36
418,ballina,3,AU,clear sky,66,-28.8667,153.5667,64.78,0.0,0,9.95
419,pontianak,75,ID,broken clouds,100,-0.0333,109.3333,75.18,0.0,0,4.61
420,nkhata bay,15,MW,few clouds,56,-11.6066,34.2907,61.32,0.0,0,5.44
421,manado,20,ID,few clouds,65,1.487,124.8455,81.37,0.0,0,6.91
422,puerto escondido,90,MX,overcast clouds,65,15.85,-97.0667,79.63,0.0,0,6.91
423,ixtapa,20,MX,few clouds,66,20.7,-105.2,89.22,0.0,0,11.5
424,ugoofaaru,51,MV,moderate rain,76,5.6667,73.0,82.31,1.62,0,14.03
425,isla mujeres,22,MX,few clouds,69,21.2311,-86.731,87.17,0.0,0,11.79
426,matara,99,LK,overcast clouds,89,5.9485,80.5353,78.62,0.0,0,10.76
427,prince rupert,100,CA,overcast clouds,69,54.3161,-130.3201,61.74,0.0,0,4.56
428,elva,40,EE,moderate rain,94,58.2225,26.4211,68.11,1.41,0,2.3
429,saint-alexandre,31,FR,scattered clouds,67,44.2278,4.6214,71.06,0.0,0,2.01
430,mubi,98,NG,overcast clouds,90,10.2676,13.2644,69.39,0.0,0,2.35
431,mogadishu,90,SO,light rain,81,2.0371,45.3438,76.44,0.18,0,21.0
432,nanakuli,75,US,broken clouds,48,21.3906,-158.1547,89.55,0.0,0,10.36
433,lata,3,PT,clear sky,98,40.1629,-8.3327,62.04,0.0,0,2.71
434,aguimes,75,ES,broken clouds,68,27.9054,-15.4461,70.66,0.0,0,25.32
435,gaoua,95,BF,overcast clouds,81,10.2992,-3.2508,74.62,0.0,0,5.35
436,kenora,0,CA,clear sky,32,49.8167,-94.4337,80.78,0.0,0,8.99
437,valparaiso,0,CL,clear sky,67,-33.0393,-71.6273,55.04,0.0,0,4.61
438,kargasok,99,RU,overcast clouds,83,59.0556,80.8572,54.7,0.0,0,6.78
439,mount isa,74,AU,broken clouds,63,-20.7333,139.5,64.17,0.0,0,0.0
440,tritenii de jos,20,RO,few clouds,88,46.5833,24.0,71.74,0.0,0,3.44
441,guerrero negro,0,MX,clear sky,54,27.9769,-114.0611,79.66,0.0,0,16.28
442,trofaiach,18,AT,few clouds,93,47.4167,15.0,67.26,0.0,0,3.11
443,slovenska bistrica,44,SI,scattered clouds,72,46.3928,15.5744,73.09,0.0,0,3.44
444,mersing,80,MY,broken clouds,87,2.4312,103.8405,76.96,0.0,0,5.26
445,karlskrona,62,SE,broken clouds,90,56.1616,15.5866,63.05,0.0,0,7.85
446,zavetnoye,100,RU,overcast clouds,63,47.1194,43.8903,69.03,0.0,0,11.7
447,flinders,79,AU,broken clouds,46,-34.5833,150.8552,64.06,0.0,0,9.91
448,kirovsk,58,UA,broken clouds,55,48.6375,38.6428,69.82,0.0,0,2.82
449,blythe,1,US,clear sky,13,33.6103,-114.5964,109.04,0.0,0,3.44
450,great bend,1,US,clear sky,49,38.3645,-98.7648,96.85,0.0,0,4.0
451,meadow lake,40,US,scattered clouds,36,34.8014,-106.5436,85.32,0.0,0,7.99
452,saint-donat-de-montcalm,80,CA,broken clouds,64,46.3187,-74.2219,60.84,0.0,0,4.05
453,mastic beach,1,US,clear sky,66,40.7668,-72.8521,84.33,0.0,0,10.0
454,cascais,0,PT,clear sky,74,38.6979,-9.4215,68.47,0.0,0,17.0
455,uthal,100,PK,overcast clouds,81,25.8072,66.6219,82.38,0.0,0,6.91
456,gualeguay,12,AR,few clouds,60,-33.1416,-59.3097,42.19,0.0,0,7.2
457,georgetown,20,MY,few clouds,87,5.4112,100.3354,82.89,0.0,0,0.0
458,oranjemund,9,NA,clear sky,85,-28.55,16.4333,53.83,0.0,0,3.89
459,waitara,33,NZ,scattered clouds,70,-38.925,174.25,56.71,0.0,0,13.15
460,hualmay,36,PE,scattered clouds,82,-11.0964,-77.6139,65.16,0.0,0,11.07
461,tigil,100,RU,overcast clouds,84,57.8,158.6667,58.03,0.0,0,4.23
462,nagram,93,IN,light rain,90,26.6167,81.1333,77.05,0.87,0,6.22
463,port-gentil,66,GA,broken clouds,80,-0.7193,8.7815,75.94,0.0,0,10.76
464,yibin,17,CN,light rain,91,28.7667,104.6238,74.82,0.15,0,3.2
465,vostok,89,RU,overcast clouds,62,46.4856,135.8833,82.09,0.0,0,0.47
466,musafirkhana,91,IN,overcast clouds,91,26.3667,81.8,80.17,0.0,0,5.3
467,coos bay,1,US,clear sky,73,43.3665,-124.2179,81.32,0.0,0,20.71
468,romitan,0,UZ,clear sky,22,39.9343,64.3814,80.55,0.0,0,16.11
469,kodinsk,100,RU,overcast clouds,91,58.6881,99.1844,65.66,0.0,0,3.53
470,acarau,41,BR,scattered clouds,79,-2.8856,-40.12,78.75,0.0,0,15.64
471,aasiaat,100,GL,overcast clouds,81,68.7098,-52.8699,43.84,0.0,0,1.7
472,anadyr,90,RU,moderate rain,93,64.75,177.4833,50.5,2.97,0,15.01
473,saint stephen,75,GB,broken clouds,94,50.3333,-4.9,59.99,0.0,0,12.66
474,south river,8,US,clear sky,51,40.4465,-74.386,91.89,0.0,0,1.99
475,tromso,90,NO,mist,93,69.6496,18.957,54.25,0.0,0,16.11
476,rottingdean,47,GB,scattered clouds,94,50.8098,-0.0594,63.63,0.0,0,3.0
477,takoradi,93,GH,overcast clouds,84,4.8845,-1.7554,75.33,0.0,0,9.08
478,vestmannaeyjar,37,IS,scattered clouds,85,63.4427,-20.2734,53.35,0.0,0,10.8
479,bhuj,100,IN,overcast clouds,83,23.2667,69.6667,80.64,0.0,0,21.79
480,kirkuk,0,IQ,clear sky,20,35.4681,44.3922,94.28,0.0,0,9.93
481,boguchany,100,RU,overcast clouds,89,58.3814,97.4531,65.01,0.0,0,5.82
482,payson,75,US,broken clouds,31,40.0444,-111.7321,90.52,0.0,0,9.22
483,udachnyy,78,RU,broken clouds,46,66.4167,112.4,79.34,0.0,0,3.49
484,basco,100,PH,light rain,86,20.4487,121.9702,83.37,0.14,0,24.52
485,zhetysay,0,KZ,clear sky,28,40.7333,68.3,71.38,0.0,0,7.58
486,haikou,100,CN,light rain,75,20.0458,110.3417,83.34,0.18,0,7.56
487,kelso,1,US,clear sky,48,46.1468,-122.9084,90.39,0.0,0,6.91
488,rusape,0,ZW,clear sky,92,-18.5278,32.1284,42.42,0.0,0,2.86
489,wasilla,75,US,broken clouds,59,61.5814,-149.4394,69.3,0.0,0,1.01
490,puerto penasco,77,MX,broken clouds,65,31.3167,-113.5333,91.9,0.0,0,7.0
491,ewa beach,75,US,broken clouds,50,21.3156,-158.0072,89.55,0.0,0,10.36
492,flin flon,97,CA,overcast clouds,62,54.7682,-101.865,69.12,0.0,0,5.39
493,coquimbo,0,CL,clear sky,87,-29.9533,-71.3436,53.33,0.0,0,4.61
494,bireun,33,ID,scattered clouds,76,5.203,96.7009,77.23,0.0,0,3.91
495,elblag,69,PL,broken clouds,90,54.1522,19.4088,67.96,0.0,0,3.89
496,atar,83,MR,broken clouds,20,20.5169,-13.0499,93.83,0.0,0,6.2
497,pechenga,41,RU,scattered clouds,97,69.5259,31.1703,47.26,0.0,0,12.77
498,kaluga,100,RU,overcast clouds,81,54.5,35.5,63.91,0.0,0,4.16
499,avera,59,US,broken clouds,49,33.194,-82.5271,90.91,0.0,0,1.23
500,skagen,97,DK,overcast clouds,88,57.7209,10.5839,65.26,0.0,0,7.52
501,talaya,100,RU,overcast clouds,61,61.3833,152.75,49.8,0.0,0,14.16
502,chapais,100,CA,overcast clouds,48,49.7834,-74.8492,58.78,0.0,0,6.33
503,concarneau,8,FR,clear sky,91,47.875,-3.9225,61.05,0.0,0,8.46
504,dongsheng,100,CN,moderate rain,49,39.8161,109.9776,69.98,1.46,0,3.85
505,indri,100,IN,very heavy rain,97,29.88,77.0711,78.08,48.63,0,3.04
506,imeni poliny osipenko,97,RU,overcast clouds,81,52.4201,136.4853,72.09,0.0,0,3.49
507,bairiki,75,KI,broken clouds,70,1.3292,172.9752,84.2,0.0,0,5.75
508,porto walter,100,BR,overcast clouds,65,-8.2686,-72.7439,81.05,0.0,0,3.38
509,pedernales,63,DO,broken clouds,72,18.0384,-71.744,83.61,0.0,0,4.59
510,nouadhibou,3,MR,clear sky,88,20.931,-17.0347,68.79,0.0,0,24.18
511,moyobamba,12,PE,few clouds,92,-6.05,-76.9667,68.65,0.0,0,1.54
512,iquique,23,CL,few clouds,82,-20.2208,-70.1431,59.04,0.0,0,4.81
513,galdar,41,ES,scattered clouds,80,28.147,-15.6502,72.36,0.0,0,16.11
514,shetpe,88,KZ,overcast clouds,24,44.1667,52.1167,75.58,0.0,0,20.49
515,kavaratti,100,IN,overcast clouds,79,10.5669,72.642,81.23,0.0,0,19.91
516,adrar,100,MR,overcast clouds,23,20.5022,-10.0711,90.99,0.0,0,12.84
517,nizhniy tsasuchey,9,RU,clear sky,77,50.5167,115.1333,63.09,0.0,0,2.75
518,bodden town,75,KY,thunderstorm with light rain,94,19.2833,-81.25,75.2,0.6,0,3.44
519,kimbe,6,PG,clear sky,73,-5.5502,150.1429,83.43,0.0,0,1.01
520,valencia,0,ES,clear sky,79,39.3333,-0.8333,73.69,0.0,0,2.37
521,aleksandrov gay,60,RU,broken clouds,43,50.147,48.5704,71.82,0.0,0,6.4
522,gamboula,98,CF,overcast clouds,93,4.1178,15.1393,69.01,0.0,0,1.05
523,nawada,100,IN,overcast clouds,87,24.8833,85.5333,79.81,0.0,0,7.09
524,ayagoz,0,KZ,clear sky,73,47.9714,80.4392,53.42,0.0,0,7.4
525,agadez,75,NE,broken clouds,53,19.75,10.25,81.79,0.0,0,13.2
526,helong,5,CN,clear sky,68,42.5397,128.9972,80.01,0.0,0,2.04
527,cherskiy,100,RU,overcast clouds,78,68.75,161.3,38.21,0.0,0,18.52
528,bassano,99,CA,overcast clouds,23,50.7834,-112.4685,88.68,0.0,0,7.52
529,sahaswan,87,IN,overcast clouds,89,28.0833,78.75,80.24,0.0,0,10.94
530,kjollefjord,29,NO,scattered clouds,91,70.9457,27.3465,46.38,0.0,0,6.69
531,isabela,95,PH,overcast clouds,88,6.7085,121.9711,80.28,0.0,0,4.32
532,yantal,0,RU,clear sky,54,56.8471,105.2542,69.4,0.0,0,1.05
533,jiangdu,100,CN,heavy intensity rain,97,32.4286,119.5574,76.89,5.33,0,23.82
534,eureka,100,US,overcast clouds,88,40.8021,-124.1637,60.19,0.0,0,1.99
535,ciudad ojeda,79,VE,broken clouds,83,10.1964,-71.3082,79.84,0.0,0,4.59
536,oneonta,61,US,broken clouds,87,42.4529,-75.0638,69.48,0.0,0,4.9
537,strezhevoy,99,RU,overcast clouds,89,60.7333,77.5889,55.38,0.0,0,5.84
538,ler,85,SS,overcast clouds,96,8.3018,30.1418,69.24,0.0,0,3.29
539,ayr,75,GB,broken clouds,88,55.4627,-4.6339,60.49,0.0,0,8.05
540,abay,1,KZ,clear sky,58,49.6311,72.8539,43.18,0.0,0,4.94
541,cabedelo,6,BR,clear sky,84,-6.9811,-34.8339,75.87,0.0,0,10.45
542,junin,44,AR,scattered clouds,48,-34.5838,-60.9433,43.99,0.0,0,11.77
543,canaries,75,ES,broken clouds,68,28.0,-15.5,66.4,0.0,0,25.32
544,cheney,90,US,smoke,31,47.4874,-117.5758,82.22,0.0,0,9.22
545,ossora,98,RU,overcast clouds,64,59.2353,163.0719,62.01,0.0,0,6.8
546,ostrovnoy,60,RU,broken clouds,88,68.0531,39.5131,46.04,0.0,0,4.32
547,lusambo,95,CD,overcast clouds,35,-4.9667,23.45,67.32,0.0,0,1.61
548,sheridan,1,US,clear sky,14,44.8333,-106.9173,106.18,0.0,0,1.99
549,maromitsa,24,RU,few clouds,94,59.8683,48.0123,44.26,0.0,0,3.65
550,miraflores,98,MX,overcast clouds,60,19.2167,-98.8083,75.02,0.0,0,4.38
551,tsaratanana,93,MG,overcast clouds,70,-16.7833,47.65,65.84,0.0,0,8.81
552,gravdal,9,NO,clear sky,81,68.1214,13.5031,56.86,0.0,0,10.27
553,marfino,0,RU,clear sky,64,55.7028,37.3822,69.1,0.0,0,2.24
554,brae,57,GB,broken clouds,94,60.3964,-1.353,55.31,0.0,0,4.23
555,tazovskiy,1,RU,clear sky,90,67.4667,78.7,40.51,0.0,0,7.02
556,ortakoy,0,TR,clear sky,60,38.7373,34.0387,66.45,0.0,0,8.1
557,batagay-alyta,15,RU,few clouds,60,67.8006,130.4114,49.01,0.0,0,13.38
558,ayan,74,RU,broken clouds,63,56.45,138.1667,72.39,0.0,0,5.77
559,wewak,38,PG,scattered clouds,77,-3.5534,143.6268,81.34,0.0,0,6.82
560,troitskoye,1,RU,clear sky,80,52.9821,84.6757,52.59,0.0,0,2.06
561,arilje,2,RS,clear sky,56,43.7531,20.0956,78.26,0.0,0,4.05
562,mitsamiouli,12,KM,few clouds,71,-11.3847,43.2844,75.54,0.0,0,5.39
563,aquiraz,8,BR,clear sky,86,-3.9014,-38.3911,80.19,0.0,0,8.34
564,revelstoke,0,CA,clear sky,17,50.9832,-118.2023,91.63,0.0,0,4.61
565,saint-pierre,75,RE,broken clouds,83,-21.3393,55.4781,67.68,0.0,0,16.11
566,bhainsdehi,100,IN,overcast clouds,89,21.6467,77.6325,70.29,0.0,0,8.28
567,valenca,28,BR,scattered clouds,93,-13.3703,-39.0731,69.26,0.0,0,1.5
568,sept-iles,62,CA,broken clouds,80,50.2001,-66.3821,59.72,0.0,0,11.1
569,espita,86,MX,overcast clouds,46,21.0167,-88.3167,91.31,0.0,0,8.01
